{
    "ModelC": {
        "0": 0.980589,
        "1": 0.993492111111111,
        "2": 0.959482111111111,
        "3": 0.9384435555555555,
        "4": 0.9727848888888889,
        "5": 0.9564448888888887,
        "6": 0.9867008888888888,
        "7": 0.9824155555555556,
        "8": 0.9893264999999999,
        "9": 0.9889952222222221
    },
    "ModelD": {
        "0": 0.9831660000000001,
        "1": 0.9955151111111111,
        "2": 0.9598446666666667,
        "3": 0.9435432222222224,
        "4": 0.9751643333333334,
        "5": 0.9617705555555556,
        "6": 0.9881905555555556,
        "7": 0.9849053333333333,
        "8": 0.9925219444444444,
        "9": 0.9915301111111112
    }
}