{
    "ModelC": {
        "0": 0.9813613333333333,
        "1": 0.9929216666666667,
        "2": 0.9630574444444445,
        "3": 0.9445707777777778,
        "4": 0.9742126666666666,
        "5": 0.9595895555555556,
        "6": 0.9842353333333334,
        "7": 0.9835327777777777,
        "8": 0.9901294444444445,
        "9": 0.9894968888888889,
        "Macro AUC": 0.9763107888888889
    },
    "ModelD": {
        "0": 0.9814785555555555,
        "1": 0.9960174444444445,
        "2": 0.9564046666666668,
        "3": 0.9418142222222221,
        "4": 0.9753024999999999,
        "5": 0.9674555555555556,
        "6": 0.9859438888888888,
        "7": 0.9841281111111111,
        "8": 0.9925653333333333,
        "9": 0.9920644444444445,
        "Macro AUC": 0.9773174722222222
    }
}