{
    "ModelC": {
        "0": 0.9861845555555555,
        "1": 0.9945488888888888,
        "2": 0.9692470555555556,
        "3": 0.9467628888888888,
        "4": 0.9794964444444445,
        "5": 0.9635807777777778,
        "6": 0.9901683333333332,
        "7": 0.9856298888888887,
        "8": 0.9921439999999999,
        "9": 0.9913113333333333
    },
    "ModelD": {
        "0": 0.9831660000000001,
        "1": 0.9955151111111111,
        "2": 0.9598446666666667,
        "3": 0.9435432222222224,
        "4": 0.9751643333333334,
        "5": 0.9617705555555556,
        "6": 0.9881905555555556,
        "7": 0.9849053333333333,
        "8": 0.9925219444444444,
        "9": 0.9915301111111112
    }
}