{
    "Best thresholds a (ModelA)": [
        0.026224609464406967,
        0.027093349024653435,
        0.025244848802685738,
        0.025915101170539856,
        0.026955783367156982,
        0.027001580223441124,
        "inf",
        0.025839218869805336,
        0.028058774769306183,
        0.02719159983098507,
        0.02618596889078617,
        0.02784239500761032,
        0.02853403240442276,
        0.02775263600051403,
        0.026235686615109444,
        0.027290629222989082,
        0.025642719119787216,
        "inf",
        0.02785118669271469,
        0.026937708258628845,
        0.02524147555232048,
        0.02638259530067444,
        0.026446131989359856,
        0.027072038501501083,
        0.027815457433462143,
        0.026166293770074844,
        0.026330281049013138,
        0.02736078016459942,
        0.0272001214325428,
        0.02785642072558403,
        0.02683437429368496,
        0.02892431616783142,
        0.02601759508252144,
        0.02755030244588852,
        0.0265252273529768,
        0.025940103456377983
    ],
    "Best thresholds b (ModelB)": [
        0.028572695329785347,
        0.028106695041060448,
        0.02525138109922409,
        0.025523565709590912,
        0.026340201497077942,
        0.028330273926258087,
        0.02693626843392849,
        0.028341609984636307,
        0.02660130336880684,
        0.02577715739607811,
        0.02711026929318905,
        0.025170259177684784,
        0.027737682685256004,
        0.02787034586071968,
        0.02866971492767334,
        0.030788369476795197,
        0.027288656681776047,
        0.026359204202890396,
        0.028678780421614647,
        0.02839069254696369,
        0.02665913663804531,
        0.026126163080334663,
        0.026490483433008194,
        0.028826376423239708,
        0.024835851043462753,
        0.028780458495020866,
        0.026104692369699478,
        0.027554048225283623,
        "inf",
        0.02562500350177288,
        0.026534277945756912,
        0.02560364082455635,
        0.02649366296827793,
        0.027170879766345024,
        0.026039540767669678,
        0.026578333228826523
    ]
}