{
    "Best thresholds a (ModelA)": [
        0.027810920029878616,
        0.027578560635447502,
        0.026790084317326546,
        0.02714199386537075,
        0.02718130685389042,
        0.02618698589503765,
        0.027987418696284294,
        0.027089284732937813,
        0.02634880505502224,
        0.02740979567170143,
        0.026398831978440285,
        0.02727387472987175,
        0.025947555899620056,
        0.02786058373749256,
        0.026957083493471146,
        0.0261542946100235,
        0.027551492676138878,
        0.027447737753391266,
        0.026725728064775467,
        0.027899326756596565,
        0.027300294488668442,
        0.027302242815494537,
        0.025878507643938065,
        0.027988316491246223,
        0.02685423754155636,
        0.028259046375751495,
        0.026038378477096558,
        0.026980439200997353,
        0.026141365990042686,
        0.028583908453583717,
        0.025921842083334923,
        0.02708461321890354,
        0.026976171880960464,
        0.02594648487865925,
        0.02712177112698555,
        0.026711761951446533
    ],
    "Best thresholds b (ModelB)": [
        0.027409937232732773,
        0.02635270729660988,
        0.027431916445493698,
        0.026321712881326675,
        0.027582306414842606,
        0.026681045070290565,
        0.027158496901392937,
        0.028358682990074158,
        0.025689607486128807,
        0.02631107158958912,
        0.026797819882631302,
        0.026206539943814278,
        0.027217436581850052,
        0.027889948338270187,
        0.02620256133377552,
        0.02623741328716278,
        0.026467962190508842,
        0.02639690600335598,
        0.027340784668922424,
        0.027644610032439232,
        0.025781860575079918,
        0.02666882798075676,
        0.02713020332157612,
        0.02745949476957321,
        0.02577892318367958,
        0.02618708834052086,
        0.028005270287394524,
        0.027767835184931755,
        0.026386287063360214,
        0.027209579944610596,
        0.028049735352396965,
        0.027290817350149155,
        0.027503246441483498,
        0.027711542323231697,
        0.026876086369156837,
        0.027923041954636574
    ]
}