{
    "Best thresholds a (ModelA)": [
        0.025490500032901764,
        0.02763352543115616,
        0.026157071813941002,
        0.02730654366314411,
        0.02680625393986702,
        0.027446536347270012,
        0.02700124867260456,
        0.025139475241303444,
        0.027361586689949036,
        0.026643477380275726,
        0.026458878070116043,
        0.027411000803112984,
        0.02651446871459484,
        0.02668239362537861,
        0.025650842115283012,
        0.026517270132899284,
        0.02606377936899662,
        0.02672412246465683,
        0.02726759761571884,
        0.028385164216160774,
        0.02625156380236149,
        0.026559965685009956,
        0.026717128232121468,
        0.025525148957967758,
        0.0283706896007061,
        "inf",
        0.026043742895126343,
        0.02714439295232296,
        0.02820328064262867,
        0.027326636016368866,
        0.02749054692685604,
        0.02719910442829132,
        0.027122313156723976,
        0.026109348982572556,
        0.02765049785375595,
        0.02729238197207451
    ],
    "Best thresholds b (ModelB)": [
        0.02509431727230549,
        0.02604890614748001,
        0.02680920995771885,
        0.02856069803237915,
        0.025638489052653313,
        0.02798512950539589,
        0.02802119590342045,
        0.027515970170497894,
        0.02528141252696514,
        0.02557331509888172,
        0.026907041668891907,
        0.02682696282863617,
        0.027506494894623756,
        0.025508703663945198,
        0.02730743959546089,
        0.026081230491399765,
        0.02466493658721447,
        0.02801019325852394,
        0.02814982645213604,
        0.028096020221710205,
        0.028577642515301704,
        0.026942580938339233,
        0.026852615177631378,
        0.02771878056228161,
        0.027008486911654472,
        0.026220858097076416,
        0.028598638251423836,
        0.027041470631957054,
        0.02535889856517315,
        0.026393450796604156,
        0.029292473569512367,
        0.025187408551573753,
        0.02858959697186947,
        0.026836970821022987,
        0.028385667130351067,
        0.028422260656952858
    ]
}