{
    "Best thresholds a (ModelA)": [
        0.026793524622917175,
        0.026989636942744255,
        0.026658644899725914,
        0.02777239680290222,
        0.02768169529736042,
        0.026270940899848938,
        0.027933597564697266,
        0.02794492058455944,
        0.026226550340652466,
        0.026469754055142403,
        0.028351496905088425,
        0.026584839448332787,
        0.028131337836384773,
        0.026104142889380455,
        0.027464527636766434,
        0.02701820246875286,
        0.027099838480353355,
        0.02632162719964981,
        0.028385411947965622,
        0.027123948559165,
        0.028045596554875374,
        0.026275329291820526,
        0.02728247083723545,
        0.026804424822330475,
        0.0269057247787714,
        0.02712031826376915,
        0.027949418872594833,
        0.027652110904455185,
        0.026673518121242523,
        0.02727762795984745,
        0.026388389989733696,
        0.026270955801010132,
        0.026350509375333786,
        0.026154501363635063,
        0.02625558152794838,
        0.025739241391420364
    ],
    "Best thresholds b (ModelB)": [
        0.027107546105980873,
        0.026217451319098473,
        0.02710968442261219,
        0.027856292203068733,
        0.02752062864601612,
        0.025488313287496567,
        0.026373431086540222,
        0.026284532621502876,
        0.026650065556168556,
        0.027462219819426537,
        0.028095507994294167,
        0.027990194037556648,
        "inf",
        0.026831358671188354,
        0.02701118215918541,
        0.027091052383184433,
        0.025961240753531456,
        0.027173424139618874,
        0.026090819388628006,
        0.028369396924972534,
        0.027053818106651306,
        0.02792518027126789,
        0.027658728882670403,
        0.02666349709033966,
        0.02638234943151474,
        0.02599698305130005,
        0.027582906186580658,
        0.027837302535772324,
        0.02753318101167679,
        0.026927391067147255,
        0.02689715288579464,
        0.026518670842051506,
        0.027820970863103867,
        0.026564357802271843,
        0.02641216665506363,
        0.026616878807544708
    ]
}