{
    "Best thresholds a (ModelA)": [
        0.02776467241346836,
        0.027766885235905647,
        0.02689550817012787,
        0.025328096002340317,
        0.026298237964510918,
        0.02635711245238781,
        0.027125515043735504,
        0.02712671458721161,
        0.025979913771152496,
        0.026867613196372986,
        0.026933304965496063,
        0.026192495599389076,
        0.027998361736536026,
        0.026286223903298378,
        0.02561930939555168,
        0.02741313725709915,
        0.027230199426412582,
        0.026683969423174858,
        0.02513105235993862,
        0.027616385370492935,
        0.02784956432878971,
        0.026097912341356277,
        0.025807281956076622,
        0.026664594188332558,
        0.02839345484972,
        0.02734324522316456,
        0.025654347613453865,
        0.02771027758717537,
        0.027745775878429413,
        0.026789147406816483,
        0.027700860053300858,
        0.02790367417037487,
        0.026530468836426735,
        0.0274666678160429,
        0.026832494884729385,
        0.027072986587882042
    ],
    "Best thresholds b (ModelB)": [
        0.02649075910449028,
        0.027447078377008438,
        0.025545340031385422,
        0.02635643072426319,
        0.026676444336771965,
        0.026144424453377724,
        0.026392143219709396,
        0.02769346348941326,
        0.028033273294568062,
        0.025266537442803383,
        "inf",
        0.025937963277101517,
        0.027504868805408478,
        0.026738464832305908,
        0.028739921748638153,
        0.025455964729189873,
        0.02580897882580757,
        0.027407918125391006,
        0.025460239499807358,
        0.029050681740045547,
        0.026964005082845688,
        0.027658818289637566,
        0.025287659838795662,
        0.025967687368392944,
        0.02785142883658409,
        0.027502594515681267,
        0.029575906693935394,
        0.025734255090355873,
        0.02738356590270996,
        0.029727574437856674,
        0.026195455342531204,
        0.02696647308766842,
        0.029296742752194405,
        0.025886235758662224,
        0.027406688779592514,
        0.027903694659471512
    ]
}