{
    "Best thresholds a (ModelA)": [
        0.02599576860666275,
        0.026542793959379196,
        0.02691984362900257,
        0.027315320447087288,
        0.02756652422249317,
        0.026271624490618706,
        0.02741113118827343,
        0.026593884453177452,
        0.025860177353024483,
        0.027192626148462296,
        0.027136528864502907,
        0.027760695666074753,
        0.0278012678027153,
        0.027901794761419296,
        "inf",
        0.027890263125300407,
        0.026588749140501022,
        0.02759361080825329,
        0.02805989980697632,
        0.026035908609628677,
        0.026271285489201546,
        0.026629146188497543,
        0.026445874944329262,
        0.02676420845091343,
        0.02582210674881935,
        0.027568982914090157,
        0.027756737545132637,
        0.026322245597839355,
        "inf",
        0.027941476553678513,
        0.02737872488796711,
        0.027919841930270195,
        0.025840239599347115,
        0.02714458666741848,
        0.026965603232383728,
        0.027109414339065552
    ],
    "Best thresholds b (ModelB)": [
        0.02712167426943779,
        0.027802789583802223,
        0.0283695999532938,
        0.026678189635276794,
        0.02637750841677189,
        "inf",
        0.028378764167428017,
        0.02621396631002426,
        0.027570145204663277,
        0.025649378076195717,
        0.024642780423164368,
        0.02490837499499321,
        0.027882568538188934,
        0.02870260551571846,
        0.027027735486626625,
        0.028294513002038002,
        0.025744257494807243,
        0.026725059375166893,
        0.026701346039772034,
        0.026341529563069344,
        0.02793639898300171,
        0.026496553793549538,
        0.0277287345379591,
        0.028009114786982536,
        0.027859153226017952,
        0.026200350373983383,
        0.028466403484344482,
        0.026882991194725037,
        0.026895776391029358,
        0.027923503890633583,
        0.028984827920794487,
        "inf",
        0.02766259014606476,
        0.026531673967838287,
        0.027759701013565063,
        0.025961043313145638
    ]
}