{
    "ModelC": {
        "0": 0.07319296151399612,
        "1": 0.10000859200954437,
        "2": 0.10861121863126755,
        "3": 0.08825607597827911,
        "4": 0.08385801315307617,
        "5": 0.09501668065786362,
        "6": 0.10884856432676315,
        "7": 0.10104919224977493,
        "8": 0.11871549487113953,
        "9": 0.07952510565519333
    },
    "ModelD": {
        "0": 0.10914721339941025,
        "1": 0.03251975402235985,
        "2": 0.08391417562961578,
        "3": 0.0858607217669487,
        "4": 0.18631069362163544,
        "5": 0.0826277807354927,
        "6": 0.05404262989759445,
        "7": 0.06851110607385635,
        "8": 0.1101086214184761,
        "9": 0.1452140063047409
    }
}