{
    "Best thresholds a (ModelA)": [
        0.025188298895955086,
        0.027269085869193077,
        0.02562158927321434,
        0.027375582605600357,
        0.027278056368231773,
        0.026681866496801376,
        0.026354162022471428,
        0.025812258943915367,
        0.027246518060564995,
        0.028367839753627777,
        0.026565369218587875,
        0.0271042138338089,
        0.028294241055846214,
        0.02682909369468689,
        0.02676708996295929,
        0.028174150735139847,
        0.02672024443745613,
        0.026998504996299744,
        0.027293644845485687,
        0.02793724834918976,
        0.0270477794110775,
        0.026164254173636436,
        0.025493362918496132,
        0.02692893147468567,
        "inf",
        0.027753127738833427,
        0.02626737952232361,
        0.026772983372211456,
        0.02687199041247368,
        0.028034530580043793,
        0.027169011533260345,
        0.025918811559677124,
        0.026715507730841637,
        0.026943303644657135,
        0.026498936116695404,
        0.027561532333493233
    ],
    "Best thresholds b (ModelB)": [
        0.027368538081645966,
        0.02598150074481964,
        0.027795661240816116,
        0.028042864054441452,
        0.026588179171085358,
        0.02765781618654728,
        0.027374420315027237,
        0.025019215419888496,
        0.02638210542500019,
        0.02809559926390648,
        "inf",
        0.0285648200660944,
        0.025832461193203926,
        0.02527269721031189,
        0.02913661114871502,
        0.025516554713249207,
        0.0258472990244627,
        0.027850773185491562,
        0.02605942077934742,
        0.026276705786585808,
        0.029301512986421585,
        0.02567991428077221,
        0.025403354316949844,
        0.026891810819506645,
        0.02810492366552353,
        0.024932852014899254,
        0.027258114889264107,
        0.027533842250704765,
        0.02776869758963585,
        0.028168169781565666,
        0.029246486723423004,
        0.02893337607383728,
        0.024781540036201477,
        0.02654109336435795,
        0.02699897438287735,
        0.026193412020802498
    ]
}